{"cameraMode":{"drawMode":0,"name":"Shaded","section":"Shading Mode"},"sceneLighting":false,"audioPlay":false,"sceneViewState":{"showFog":false,"showMaterialUpdate":false,"showSkybox":false,"showFlares":false,"showImageEffects":false,"showParticleSystems":false},"in2DMode":false,"pivot":{"x":-1.4437296390533448,"y":-3.945844888687134,"z":4.8785200119018559},"rotation":{"x":0.7402645945549011,"y":-0.03421913832426071,"z":0.037786416709423068,"w":0.6703812479972839},"size":0.9118612408638,"orthographic":true}