{"cameraMode":{"drawMode":0,"name":"Shaded","section":"Shading Mode"},"sceneLighting":true,"audioPlay":false,"sceneViewState":{"showFog":false,"showMaterialUpdate":false,"showSkybox":false,"showFlares":false,"showImageEffects":false,"showParticleSystems":false},"in2DMode":false,"pivot":{"x":2.4797966480255129,"y":4.170461654663086,"z":2.0879855155944826},"rotation":{"x":0.19364140927791596,"y":0.03530995547771454,"z":-0.006974067073315382,"w":0.9804132580757141},"size":5.112372875213623,"orthographic":false}